Price,Adj Close,Close,High,Low,Open,Volume
Ticker,SUZB3.SA,SUZB3.SA,SUZB3.SA,SUZB3.SA,SUZB3.SA,SUZB3.SA
Date,,,,,,
2023-12-26,52.33643341064453,55.220001220703125,56.02000045776367,54.810001373291016,54.81999969482422,2092500
2023-12-27,52.64919662475586,55.54999923706055,55.63999938964844,54.959999084472656,55.209999084472656,2579700
2023-12-28,52.72502136230469,55.630001068115234,55.939998626708984,55.41999816894531,55.41999816894531,2560700
2024-01-02,52.2606086730957,55.13999938964844,56.290000915527344,54.720001220703125,55.70000076293945,2961200
2024-01-03,52.55442428588867,55.45000076293945,55.79999923706055,54.7599983215332,54.79999923706055,3343500
2024-01-04,51.7582893371582,54.61000061035156,55.689998626708984,54.560001373291016,55.45000076293945,1914500
2024-01-05,51.2275276184082,54.04999923706055,54.54999923706055,53.7599983215332,54.290000915527344,2229700
2024-01-08,51.89097213745117,54.75,54.75,53.349998474121094,53.709999084472656,2529400
2024-01-09,51.25596237182617,54.08000183105469,54.81999969482422,53.97999954223633,54.470001220703125,2987300
2024-01-10,50.96215057373047,53.77000045776367,54.290000915527344,53.72999954223633,54.2400016784668,2025300
2024-01-11,51.331787109375,54.15999984741211,54.369998931884766,53.209999084472656,53.849998474121094,3879800
2024-01-12,50.782073974609375,53.58000183105469,55.22999954223633,53.4900016784668,54.47999954223633,3194900
2024-01-15,51.047454833984375,53.86000061035156,54.04999923706055,53.41999816894531,53.61000061035156,1117900
2024-01-16,50.15653610229492,52.91999816894531,53.849998474121094,52.869998931884766,53.70000076293945,3500000
2024-01-17,49.94802474975586,52.70000076293945,53.130001068115234,52.599998474121094,52.709999084472656,2590700
2024-01-18,48.8391227722168,51.529998779296875,52.9900016784668,51.529998779296875,52.720001220703125,3416400
2024-01-19,49.09502410888672,51.79999923706055,51.91999816894531,50.97999954223633,51.54999923706055,6574400
2024-01-22,48.9718132019043,51.66999816894531,52.06999969482422,51.41999816894531,51.91999816894531,1977100
2024-01-23,49.379356384277344,52.099998474121094,52.2400016784668,51.470001220703125,51.970001220703125,2831000
2024-01-24,49.16136932373047,51.869998931884766,52.790000915527344,51.709999084472656,52.5099983215332,2154600
2024-01-25,49.14241027832031,51.849998474121094,52.5,51.810001373291016,51.849998474121094,1893900
2024-01-26,50.147064208984375,52.90999984741211,53.16999816894531,51.88999938964844,51.91999816894531,3083300
2024-01-29,48.14724349975586,50.79999923706055,52.2400016784668,50.310001373291016,52.02000045776367,12405500
2024-01-30,49.379356384277344,52.099998474121094,52.2599983215332,50.52000045776367,50.529998779296875,4891900
2024-01-31,48.92442321777344,51.619998931884766,52.70000076293945,51.56999969482422,52.29999923706055,4140500
2024-02-01,48.43157196044922,51.099998474121094,52.119998931884766,51.0099983215332,51.619998931884766,3185500
2024-02-02,48.65904235839844,51.34000015258789,51.68000030517578,50.709999084472656,51.189998626708984,4085700
2024-02-05,49.04763412475586,51.75,51.970001220703125,51.0,51.0,2717700
2024-02-06,50.90528869628906,53.709999084472656,53.7400016784668,51.619998931884766,51.619998931884766,4805100
2024-02-07,50.89580535888672,53.70000076293945,54.08000183105469,53.22999954223633,53.779998779296875,6156300
2024-02-08,50.65885925292969,53.45000076293945,54.18000030517578,53.029998779296875,53.79999923706055,5681200
2024-02-09,49.94802474975586,52.70000076293945,53.77000045776367,52.41999816894531,53.5,4039700
2024-02-14,49.521522521972656,52.25,52.939998626708984,52.08000183105469,52.779998779296875,1912000
2024-02-15,49.6068229675293,52.34000015258789,52.439998626708984,51.77000045776367,52.25,2141800
2024-02-16,50.279747009277344,53.04999923706055,53.47999954223633,52.11000061035156,52.43000030517578,3225500
2024-02-19,50.27027130126953,53.040000915527344,53.290000915527344,52.22999954223633,52.900001525878906,1747600
2024-02-20,51.05692672729492,53.869998931884766,54.13999938964844,52.52000045776367,52.79999923706055,2995100
2024-02-21,52.38382339477539,55.27000045776367,55.36000061035156,53.02000045776367,53.560001373291016,4560400
2024-02-22,52.82927703857422,55.7400016784668,56.47999954223633,55.119998931884766,55.31999969482422,4826800
2024-02-23,52.38382339477539,55.27000045776367,56.33000183105469,54.84000015258789,56.0,3137200
2024-02-26,53.18943405151367,56.119998931884766,56.150001525878906,54.93000030517578,55.40999984741211,3560300
2024-02-27,53.852882385253906,56.81999969482422,57.65999984741211,55.86000061035156,56.400001525878906,6101800
2024-02-28,54.38364028930664,57.380001068115234,58.040000915527344,56.54999923706055,56.7599983215332,5853500
2024-02-29,53.40742492675781,56.349998474121094,57.79999923706055,56.2400016784668,57.380001068115234,8696600
2024-03-01,54.487892150878906,57.4900016784668,57.630001068115234,56.400001525878906,56.45000076293945,7527400
2024-03-04,55.39776611328125,58.45000076293945,58.54999923706055,57.38999938964844,57.38999938964844,5250900
2024-03-05,55.511497497558594,58.56999969482422,58.97999954223633,57.90999984741211,58.45000076293945,3826500
2024-03-06,55.246116638183594,58.290000915527344,58.939998626708984,57.91999816894531,58.54999923706055,4607700
2024-03-07,55.748443603515625,58.81999969482422,58.959999084472656,57.59000015258789,57.93000030517578,4313700
2024-03-08,56.06121063232422,59.150001525878906,59.27000045776367,57.959999084472656,58.68000030517578,8208900
2024-03-11,55.511497497558594,58.56999969482422,59.540000915527344,58.29999923706055,58.720001220703125,5215800
2024-03-12,56.02330017089844,59.11000061035156,59.63999938964844,58.09000015258789,58.56999969482422,3892300
2024-03-13,56.32658767700195,59.43000030517578,59.77000045776367,58.790000915527344,59.060001373291016,3579200
2024-03-14,56.3929328918457,59.5,59.70000076293945,58.869998931884766,59.36000061035156,6073900
2024-03-15,57.62504959106445,60.79999923706055,61.0,59.369998931884766,59.47999954223633,9306200
2024-03-18,57.86199188232422,61.04999923706055,61.560001373291016,60.380001068115234,60.93000030517578,4163000
2024-03-19,59.567996978759766,62.849998474121094,63.29999923706055,61.25,61.25,7713100
2024-03-20,58.819252014160156,62.060001373291016,63.0,61.810001373291016,63.0,7167000
2024-03-21,58.800296783447266,62.040000915527344,63.0,61.56999969482422,62.54999923706055,6286700
2024-03-22,58.90455627441406,62.150001525878906,62.52000045776367,61.5099983215332,62.29999923706055,4652600
2024-03-25,58.402225494384766,61.619998931884766,62.29999923706055,61.40999984741211,62.150001525878906,4278700
2024-03-26,59.681732177734375,62.970001220703125,63.13999938964844,61.400001525878906,61.560001373291016,8470600
2024-03-27,60.468387603759766,63.79999923706055,63.95000076293945,62.93000030517578,63.04999923706055,5490100
2024-03-28,60.63898849487305,63.97999954223633,64.08000183105469,63.279998779296875,63.790000915527344,4550100
2024-04-01,61.501468658447266,64.88999938964844,65.30000305175781,64.0,64.0,5495900
2024-04-02,61.8237190246582,65.2300033569336,65.51000213623047,64.30000305175781,64.62000274658203,6264500
2024-04-03,61.22661209106445,64.5999984741211,65.4800033569336,64.08999633789062,64.83999633789062,4869600
2024-04-04,60.544212341308594,63.880001068115234,64.93000030517578,63.47999954223633,64.55000305175781,5533000
2024-04-05,59.530086517333984,62.810001373291016,63.7599983215332,62.220001220703125,63.54999923706055,4333900
2024-04-08,59.331050872802734,62.599998474121094,62.91999816894531,62.349998474121094,62.79999923706055,3183900
2024-04-09,59.0372428894043,62.290000915527344,63.290000915527344,61.66999816894531,62.599998474121094,6085100
2024-04-10,58.534912109375,61.7599983215332,62.779998779296875,61.220001220703125,62.290000915527344,6957500
2024-04-11,58.013633728027344,61.209999084472656,61.650001525878906,61.02000045776367,61.220001220703125,6224200
2024-04-12,58.00415802001953,61.20000076293945,61.84000015258789,60.72999954223633,61.209999084472656,5587400
2024-04-15,57.86199188232422,61.04999923706055,61.79999923706055,60.400001525878906,61.20000076293945,7938000
2024-04-16,58.14632797241211,61.349998474121094,62.20000076293945,60.20000076293945,60.470001220703125,8783300
2024-04-17,57.634525299072266,60.810001373291016,61.77000045776367,60.63999938964844,61.25,4961700
2024-04-18,57.577659606933594,60.75,61.029998779296875,60.22999954223633,60.810001373291016,3993700
2024-04-19,58.013633728027344,61.209999084472656,61.599998474121094,60.40999984741211,60.75,5928700
2024-04-22,57.38810348510742,60.54999923706055,61.86000061035156,60.54999923706055,61.43000030517578,4774700
2024-04-23,56.98055648803711,60.119998931884766,60.59000015258789,59.93000030517578,60.36000061035156,4703600
2024-04-24,57.3975830078125,60.560001373291016,60.560001373291016,59.90999984741211,60.290000915527344,4435600
2024-04-25,56.77204513549805,59.900001525878906,60.93000030517578,59.779998779296875,60.18000030517578,5035900
2024-04-26,56.468753814697266,59.58000183105469,60.66999816894531,59.459999084472656,60.099998474121094,3972000
2024-04-29,55.82426834106445,58.900001525878906,59.65999984741211,58.54999923706055,59.58000183105469,5769400
2024-04-30,55.40724182128906,58.459999084472656,59.209999084472656,58.099998474121094,58.91999816894531,7417800
2024-05-02,55.92852020263672,59.0099983215332,59.400001525878906,58.5,59.040000915527344,4071800
2024-05-03,56.08016586303711,59.16999816894531,59.220001220703125,58.61000061035156,59.209999084472656,3740200
2024-05-06,56.37397384643555,59.47999954223633,59.810001373291016,58.880001068115234,59.25,2909600
2024-05-07,49.45518112182617,52.18000030517578,59.95000076293945,51.560001373291016,59.43000030517578,54329100
2024-05-08,49.58787155151367,52.31999969482422,54.22999954223633,52.20000076293945,53.220001220703125,31990400
2024-05-09,49.94802474975586,52.70000076293945,53.0,51.70000076293945,52.470001220703125,18830400
2024-05-10,49.000244140625,51.70000076293945,53.349998474121094,50.04999923706055,51.04999923706055,18100800
2024-05-13,48.05246353149414,50.70000076293945,51.84000015258789,50.119998931884766,51.7599983215332,16968300
2024-05-14,47.25632858276367,49.86000061035156,51.4900016784668,49.79999923706055,50.9900016784668,13127500
2024-05-15,47.900821685791016,50.540000915527344,51.09000015258789,49.709999084472656,49.83000183105469,16447400
2024-05-16,48.99076461791992,51.689998626708984,51.779998779296875,50.540000915527344,50.83000183105469,13118600
2024-05-17,48.763301849365234,51.45000076293945,51.720001220703125,50.959999084472656,51.369998931884766,10579800
2024-05-20,48.38418960571289,51.04999923706055,52.59000015258789,51.04999923706055,51.779998779296875,12534400
2024-05-21,46.58340835571289,49.150001525878906,50.61000061035156,48.900001525878906,50.4900016784668,17993400
2024-05-22,45.796749114990234,48.31999969482422,49.220001220703125,48.099998474121094,49.02000045776367,10540100
2024-05-23,47.483795166015625,50.099998474121094,50.900001525878906,47.7400016784668,48.59000015258789,22801000
2024-05-24,46.38437271118164,48.939998626708984,50.2400016784668,48.79999923706055,49.59000015258789,11280200
2024-05-27,46.44123840332031,49.0,49.47999954223633,48.650001525878906,49.47999954223633,2937600
2024-05-28,46.51706314086914,49.08000183105469,49.66999816894531,48.90999984741211,49.5,5988800
2024-05-29,46.70661544799805,49.279998779296875,49.70000076293945,48.5099983215332,48.93000030517578,5110500
2024-05-31,46.15690612792969,48.70000076293945,49.599998474121094,48.630001068115234,49.29999923706055,10491800
2024-06-03,44.649932861328125,47.11000061035156,48.79999923706055,46.869998931884766,48.70000076293945,11366300
2024-06-04,44.45090103149414,46.900001525878906,47.099998474121094,46.18000030517578,46.95000076293945,9333300
2024-06-05,44.2044792175293,46.63999938964844,46.93000030517578,46.380001068115234,46.849998474121094,7038900
2024-06-06,45.82518005371094,48.349998474121094,48.54999923706055,46.45000076293945,46.70000076293945,11158700
2024-06-07,46.10951614379883,48.650001525878906,50.119998931884766,48.119998931884766,48.689998626708984,10518800
2024-06-10,47.09520721435547,49.689998626708984,49.939998626708984,48.15999984741211,48.61000061035156,7443400
2024-06-11,46.36540985107422,48.91999816894531,49.79999923706055,48.869998931884766,49.79999923706055,5385500
2024-06-12,46.44123840332031,49.0,49.63999938964844,48.25,49.220001220703125,9232700
2024-06-13,46.22324752807617,48.77000045776367,49.38999938964844,48.75,49.099998474121094,4792700
2024-06-14,46.412803649902344,48.970001220703125,49.18000030517578,48.08000183105469,48.70000076293945,5535200
2024-06-17,45.97682571411133,48.5099983215332,48.97999954223633,48.349998474121094,48.900001525878906,3995800
2024-06-18,45.77779006958008,48.29999923706055,49.119998931884766,48.15999984741211,48.63999938964844,6186800
2024-06-19,46.18533706665039,48.72999954223633,48.72999954223633,47.849998474121094,48.209999084472656,4297300
2024-06-20,45.63562774658203,48.150001525878906,49.2400016784668,48.040000915527344,48.97999954223633,5243700
2024-06-21,46.299068450927734,48.849998474121094,49.130001068115234,47.91999816894531,48.150001525878906,13715200
2024-06-24,47.0383415222168,49.630001068115234,49.900001525878906,48.75,48.75,6228500
2024-06-25,47.10468673706055,49.70000076293945,50.2599983215332,49.5,49.75,4690200
2024-06-26,48.15672302246094,50.810001373291016,51.439998626708984,49.529998779296875,49.59000015258789,9525300
2024-06-27,54.02348327636719,57.0,59.09000015258789,56.5099983215332,59.09000015258789,35970500
2024-06-28,54.032958984375,57.0099983215332,57.560001373291016,56.22999954223633,57.5,14976500
2024-07-01,54.63954162597656,57.650001525878906,57.939998626708984,57.06999969482422,57.16999816894531,7509200
2024-07-02,54.59214782714844,57.599998474121094,58.09000015258789,57.060001373291016,57.5,7265800
2024-07-03,54.345726013183594,57.34000015258789,58.119998931884766,56.369998931884766,57.619998931884766,9695100
2024-07-04,54.02348327636719,57.0,57.72999954223633,56.0,57.72999954223633,9528500
2024-07-05,51.89097213745117,54.75,56.88999938964844,54.560001373291016,56.88999938964844,17055700
2024-07-08,50.44087600708008,53.220001220703125,54.689998626708984,53.13999938964844,54.619998931884766,13585700
2024-07-09,50.07123947143555,52.83000183105469,53.599998474121094,52.599998474121094,53.22999954223633,7561400
2024-07-10,49.71107864379883,52.45000076293945,53.08000183105469,52.04999923706055,52.95000076293945,8742400
2024-07-11,50.24183654785156,53.0099983215332,53.369998931884766,52.279998779296875,52.54999923706055,4254200
2024-07-12,49.568912506103516,52.29999923706055,53.560001373291016,52.040000915527344,53.04999923706055,6791700
2024-07-15,51.369693756103516,54.20000076293945,54.810001373291016,52.58000183105469,52.58000183105469,14250100
2024-07-16,51.331787109375,54.15999984741211,55.189998626708984,54.04999923706055,54.5,5570200
2024-07-17,51.34126281738281,54.16999816894531,54.91999816894531,53.86000061035156,53.90999984741211,5182800
2024-07-18,51.06640625,53.880001068115234,54.65999984741211,53.68000030517578,54.31999969482422,5815100
2024-07-19,50.801025390625,53.599998474121094,54.13999938964844,53.43000030517578,54.11000061035156,6235300
2024-07-22,50.497737884521484,53.279998779296875,53.939998626708984,52.720001220703125,53.650001525878906,7288300
2024-07-23,50.33662033081055,53.11000061035156,53.88999938964844,52.90999984741211,53.13999938964844,5380000
2024-07-24,50.26079559326172,53.029998779296875,53.470001220703125,52.72999954223633,53.220001220703125,5710100
2024-07-25,49.73004150390625,52.470001220703125,54.15999984741211,52.400001525878906,53.209999084472656,6972800
2024-07-26,49.085548400878906,51.790000915527344,52.59000015258789,51.66999816894531,52.5,8078500
2024-07-29,50.02384948730469,52.779998779296875,53.2599983215332,51.45000076293945,51.720001220703125,5174400
2024-07-30,50.630428314208984,53.41999816894531,53.72999954223633,52.18000030517578,52.79999923706055,7154700
2024-07-31,51.047454833984375,53.86000061035156,54.040000915527344,52.709999084472656,53.43000030517578,5640200
2024-08-01,50.99058151245117,53.79999923706055,54.66999816894531,53.34000015258789,53.7400016784668,5096700
2024-08-02,50.232357025146484,53.0,54.060001373291016,52.88999938964844,53.0,8273400
2024-08-05,50.26079559326172,53.029998779296875,53.15999984741211,51.709999084472656,52.13999938964844,5982900
2024-08-06,49.180320739746094,51.88999938964844,52.939998626708984,51.68000030517578,52.86000061035156,10699100
2024-08-07,49.47413635253906,52.20000076293945,52.77000045776367,51.33000183105469,51.790000915527344,6144300
2024-08-08,50.801025390625,53.599998474121094,54.08000183105469,51.720001220703125,51.900001525878906,7362100
2024-08-09,51.654029846191406,54.5,55.689998626708984,54.0099983215332,55.22999954223633,17574400
2024-08-12,51.54977035522461,54.38999938964844,54.93000030517578,53.810001373291016,54.5,6660000
2024-08-13,51.69194412231445,54.540000915527344,55.27000045776367,54.27000045776367,54.58000183105469,7419700
2024-08-14,51.84358596801758,54.70000076293945,55.0,54.36000061035156,54.5099983215332,6591400
2024-08-15,50.782073974609375,53.58000183105469,54.9900016784668,53.279998779296875,54.970001220703125,7691600
2024-08-16,51.56873321533203,54.40999984741211,54.5,53.5,53.5099983215332,7231900
2024-08-19,52.16583251953125,55.040000915527344,55.29999923706055,54.40999984741211,54.47999954223633,4617700
2024-08-20,52.95248794555664,55.869998931884766,56.130001068115234,54.880001068115234,55.099998474121094,5086000
2024-08-21,53.511680603027344,56.459999084472656,56.91999816894531,56.02000045776367,56.06999969482422,4709300
2024-08-22,53.464290618896484,56.40999984741211,57.09000015258789,56.0099983215332,56.439998626708984,4154500
2024-08-23,53.151527404785156,56.08000183105469,56.529998779296875,55.650001525878906,56.40999984741211,5096400
2024-08-26,52.298519134521484,55.18000030517578,56.380001068115234,55.060001373291016,56.20000076293945,6137000
2024-08-27,52.71554183959961,55.619998931884766,55.79999923706055,54.79999923706055,55.29999923706055,4179300
2024-08-28,53.151527404785156,56.08000183105469,56.2599983215332,55.400001525878906,55.5,4843700
2024-08-29,52.601806640625,55.5,56.400001525878906,55.20000076293945,56.08000183105469,4555200
2024-08-30,52.1279182434082,55.0,55.90999984741211,54.72999954223633,55.34000015258789,11325400
2024-09-02,52.21322250366211,55.09000015258789,55.97999954223633,54.72999954223633,54.72999954223633,3703900
2024-09-03,51.73933029174805,54.59000015258789,55.11000061035156,54.11000061035156,54.86000061035156,4997200
2024-09-04,52.488075256347656,55.380001068115234,55.9900016784668,54.599998474121094,54.90999984741211,4691300
2024-09-05,52.3932991027832,55.279998779296875,55.470001220703125,54.5099983215332,55.099998474121094,4787200
2024-09-06,51.530818939208984,54.369998931884766,55.41999816894531,54.2400016784668,55.130001068115234,3791100
2024-09-09,51.29387283325195,54.119998931884766,54.650001525878906,54.0099983215332,54.36000061035156,2960100
2024-09-10,52.31747817993164,55.20000076293945,55.560001373291016,54.04999923706055,54.11000061035156,5435600
2024-09-11,52.24165344238281,55.119998931884766,55.45000076293945,54.58000183105469,55.16999816894531,6959100
2024-09-12,51.54977035522461,54.38999938964844,55.310001373291016,54.20000076293945,54.75,3523800
2024-09-13,51.45499801635742,54.290000915527344,54.97999954223633,54.15999984741211,54.38999938964844,2673700
2024-09-16,50.25131607055664,53.02000045776367,54.43000030517578,52.83000183105469,54.33000183105469,4498900
2024-09-17,50.50721740722656,53.290000915527344,53.540000915527344,52.529998779296875,52.83000183105469,3894100
2024-09-18,49.853248596191406,52.599998474121094,53.5099983215332,52.43000030517578,53.02000045776367,3951900
2024-09-19,49.82481384277344,52.56999969482422,52.900001525878906,52.38999938964844,52.5099983215332,5174600
2024-09-20,49.6068229675293,52.34000015258789,52.66999816894531,52.02000045776367,52.52000045776367,7148400
2024-09-23,48.95285415649414,51.650001525878906,52.099998474121094,51.16999816894531,52.04999923706055,7444900
2024-09-24,50.24183654785156,53.0099983215332,53.27000045776367,51.86000061035156,52.060001373291016,5524300
2024-09-25,49.43622589111328,52.15999984741211,53.06999969482422,52.15999984741211,52.86000061035156,3133800
2024-09-26,51.40760803222656,54.2400016784668,54.34000015258789,52.290000915527344,52.290000915527344,6674600
2024-09-27,51.54029846191406,54.380001068115234,54.93000030517578,53.939998626708984,54.02000045776367,4778500
2024-09-30,51.59716033935547,54.439998626708984,54.97999954223633,54.029998779296875,54.060001373291016,4823200
2024-10-01,52.02366638183594,54.88999938964844,55.189998626708984,54.459999084472656,54.5099983215332,5015400
2024-10-02,52.222694396972656,55.099998474121094,55.77000045776367,54.810001373291016,55.25,4127600
2024-10-03,51.98575210571289,54.849998474121094,54.939998626708984,54.13999938964844,54.439998626708984,3641300
2024-10-04,52.83875274658203,55.75,55.75,54.5,54.5,4004700
2024-10-07,52.87666702270508,55.790000915527344,56.380001068115234,55.40999984741211,55.79999923706055,3328500
2024-10-08,52.79136657714844,55.70000076293945,55.810001373291016,55.08000183105469,55.099998474121094,6838000
2024-10-09,51.54029846191406,54.380001068115234,55.70000076293945,54.33000183105469,55.31999969482422,6277700
2024-10-10,51.30335235595703,54.130001068115234,54.439998626708984,53.709999084472656,54.380001068115234,3863800
2024-10-11,51.369693756103516,54.20000076293945,55.25,53.86000061035156,54.130001068115234,5491800
2024-10-14,51.8341064453125,54.689998626708984,55.130001068115234,53.70000076293945,54.099998474121094,3669100
2024-10-15,51.862545013427734,54.720001220703125,54.86000061035156,54.09000015258789,54.560001373291016,4039000
2024-10-16,51.61612319946289,54.459999084472656,54.869998931884766,54.15999984741211,54.779998779296875,3973300
2024-10-17,52.13739776611328,55.0099983215332,55.34000015258789,53.79999923706055,54.20000076293945,4569200
2024-10-18,52.85771560668945,55.77000045776367,55.939998626708984,54.84000015258789,55.20000076293945,5181000
2024-10-21,53.33160400390625,56.27000045776367,56.959999084472656,55.54999923706055,55.58000183105469,6468700
2024-10-22,54.57319641113281,57.58000183105469,58.189998626708984,55.86000061035156,56.029998779296875,9250300
2024-10-23,54.544761657714844,57.54999923706055,58.209999084472656,57.25,57.52000045776367,4728500
2024-10-24,54.40259552001953,57.400001525878906,57.970001220703125,57.18000030517578,57.400001525878906,5484200
2024-10-25,55.919044494628906,59.0,59.91999816894531,58.18000030517578,58.29999923706055,11847600
2024-10-28,56.24128723144531,59.34000015258789,60.66999816894531,59.029998779296875,59.27000045776367,7574300
2024-10-29,56.44980239868164,59.560001373291016,59.88999938964844,59.06999969482422,59.4900016784668,5425200
2024-10-30,57.23645782470703,60.38999938964844,60.38999938964844,59.31999969482422,59.31999969482422,5863100
2024-10-31,56.648834228515625,59.77000045776367,60.880001068115234,59.58000183105469,60.209999084472656,7265200
2024-11-01,56.85734939575195,59.9900016784668,60.189998626708984,59.45000076293945,59.79999923706055,5955100
2024-11-04,56.8383903503418,59.970001220703125,60.150001525878906,59.5099983215332,60.0,4600300
2024-11-05,57.34071350097656,60.5,60.630001068115234,59.900001525878906,60.16999816894531,3881200
2024-11-06,56.3929328918457,59.5,61.40999984741211,59.20000076293945,60.0,7906400
2024-11-07,55.81478500366211,58.88999938964844,59.470001220703125,58.38999938964844,59.11000061035156,8987700
2024-11-08,55.35037612915039,58.400001525878906,59.029998779296875,57.650001525878906,59.029998779296875,5585800
2024-11-11,55.132381439208984,58.16999816894531,59.04999923706055,57.86000061035156,58.95000076293945,3401900
2024-11-12,56.279197692871094,59.380001068115234,59.40999984741211,58.099998474121094,58.16999816894531,5850600
2024-11-13,56.629878997802734,59.75,59.95000076293945,58.9900016784668,59.380001068115234,5120600
2024-11-14,57.38810348510742,60.54999923706055,60.88999938964844,59.470001220703125,60.880001068115234,9744300
2024-11-18,57.549224853515625,60.720001220703125,61.08000183105469,59.97999954223633,60.29999923706055,4396300
2024-11-19,57.24593734741211,60.400001525878906,60.97999954223633,60.27000045776367,60.61000061035156,2570600
2024-11-21,57.61557388305664,60.790000915527344,61.189998626708984,60.20000076293945,60.22999954223633,5655400
2024-11-22,57.530269622802734,60.70000076293945,61.34000015258789,60.310001373291016,60.790000915527344,3972300
2024-11-25,56.77204513549805,59.900001525878906,60.97999954223633,59.869998931884766,60.380001068115234,17136500
2024-11-26,56.20337677001953,59.29999923706055,60.18000030517578,58.720001220703125,60.06999969482422,8100500
2024-11-27,56.62040328979492,59.7400016784668,60.41999816894531,59.08000183105469,59.310001373291016,9004300
2024-11-28,58.316925048828125,61.529998779296875,61.97999954223633,59.400001525878906,59.59000015258789,9420500
2024-11-29,59.14149856567383,62.400001525878906,63.29999923706055,61.65999984741211,61.900001525878906,12601500
2024-12-02,58.85716247558594,62.099998474121094,62.93000030517578,61.529998779296875,62.060001373291016,7499400
2024-12-03,60.08927917480469,63.400001525878906,63.400001525878906,61.79999923706055,62.0,7581500
2024-12-04,61.653114318847656,65.05000305175781,65.3499984741211,64.12999725341797,64.19999694824219,9603900
2024-12-05,61.70050048828125,65.0999984741211,65.47000122070312,63.65999984741211,65.0199966430664,15465600
2024-12-06,62.01327133178711,65.43000030517578,65.66000366210938,64.5999984741211,65.0999984741211,6608800
2024-12-09,63.16956329345703,66.6500015258789,66.80999755859375,65.19999694824219,65.47000122070312,5458700
2024-12-10,61.236087799072266,64.61000061035156,66.81999969482422,64.51000213623047,66.79000091552734,7524400
2024-12-11,60.75271987915039,64.0999984741211,64.91000366210938,63.400001525878906,64.33999633789062,10275100
2024-12-12,59.71016311645508,63.0,63.790000915527344,62.36000061035156,62.849998474121094,9932300
2024-12-13,59.16044998168945,62.41999816894531,63.34000015258789,62.27000045776367,63.29999923706055,6271400
2024-12-16,60.53472900390625,63.869998931884766,64.20999908447266,62.41999816894531,62.900001525878906,9269100
2024-12-17,60.83554458618164,62.15999984741211,63.29999923706055,62.04999923706055,62.540000915527344,11330400
2024-12-18,60.297264099121094,61.61000061035156,62.61000061035156,61.220001220703125,62.08000183105469,10247500
2024-12-19,59.406654357910156,60.70000076293945,61.959999084472656,60.31999969482422,61.939998626708984,7667600
2024-12-20,58.349666595458984,59.619998931884766,60.04999923706055,59.16999816894531,60.0,14103300
2024-12-23,59.935150146484375,61.2400016784668,61.400001525878906,59.130001068115234,59.68000030517578,7450600
2024-12-26,60.620235443115234,61.939998626708984,62.16999816894531,61.15999984741211,61.5,4414200
2024-12-27,60.27769088745117,61.59000015258789,62.31999969482422,61.04999923706055,62.099998474121094,4316400
2024-12-30,60.46364212036133,61.779998779296875,62.25,61.70000076293945,61.900001525878906,4737600
2025-01-02,61.0704345703125,62.400001525878906,63.02000045776367,61.349998474121094,61.36000061035156,5787400
2025-01-03,61.3444709777832,62.68000030517578,63.540000915527344,62.400001525878906,62.5099983215332,8122000
2025-01-06,61.11936950683594,62.45000076293945,62.68000030517578,61.86000061035156,62.310001373291016,3577500
2025-01-07,60.69853210449219,62.02000045776367,62.5,61.310001373291016,62.439998626708984,5330800
2025-01-08,60.48321533203125,61.79999923706055,62.84000015258789,61.040000915527344,62.36000061035156,8023000
2025-01-09,60.160247802734375,61.470001220703125,62.290000915527344,61.20000076293945,61.459999084472656,3003700
2025-01-10,60.13088607788086,61.439998626708984,61.88999938964844,60.540000915527344,61.56999969482422,5157300
2025-01-13,60.75725173950195,62.08000183105469,62.70000076293945,61.290000915527344,61.38999938964844,3958400
2025-01-14,59.63175582885742,60.93000030517578,62.439998626708984,60.81999969482422,62.09000015258789,4942700
2025-01-15,59.78834533691406,61.09000015258789,61.810001373291016,59.93000030517578,61.810001373291016,5333700
2025-01-16,59.07390213012695,60.36000061035156,61.47999954223633,59.7400016784668,61.09000015258789,5717600
2025-01-17,60.95298767089844,62.279998779296875,62.400001525878906,60.2400016784668,60.70000076293945,7500200
2025-01-20,60.48321533203125,61.79999923706055,62.29999923706055,61.34000015258789,62.0,3212200
2025-01-21,61.0704345703125,62.400001525878906,62.599998474121094,61.650001525878906,62.029998779296875,3732500
2025-01-22,60.09174346923828,61.400001525878906,63.150001525878906,61.220001220703125,62.619998931884766,5029100
2025-01-23,61.4129753112793,62.75,63.060001373291016,61.290000915527344,61.290000915527344,5849200
2025-01-24,61.422760009765625,62.7599983215332,63.0099983215332,62.0099983215332,62.81999969482422,2748800
2025-01-27,61.745731353759766,63.09000015258789,63.400001525878906,62.349998474121094,62.7599983215332,4296900
2025-01-28,61.422760009765625,62.7599983215332,63.38999938964844,62.310001373291016,62.709999084472656,2937100
2025-01-29,60.87469482421875,62.20000076293945,63.31999969482422,62.11000061035156,63.06999969482422,4256300
2025-01-30,61.031288146972656,62.36000061035156,62.970001220703125,61.86000061035156,62.560001373291016,4598900
2025-01-31,61.041072845458984,62.369998931884766,62.81999969482422,61.83000183105469,62.56999969482422,4468900
2025-02-03,61.11936950683594,62.45000076293945,63.5099983215332,62.029998779296875,62.54999923706055,4002600
2025-02-04,58.643272399902344,59.91999816894531,62.709999084472656,59.88999938964844,62.45000076293945,6826300
2025-02-05,58.41817092895508,59.689998626708984,61.0099983215332,59.5,60.220001220703125,5385800
2025-02-06,58.809654235839844,60.09000015258789,60.220001220703125,59.599998474121094,59.70000076293945,2647400
2025-02-07,58.25179672241211,59.52000045776367,60.099998474121094,59.150001525878906,60.02000045776367,4356300
2025-02-10,58.085418701171875,59.349998474121094,60.099998474121094,58.83000183105469,60.0099983215332,3097900
2025-02-11,57.67436981201172,58.93000030517578,59.689998626708984,58.459999084472656,59.689998626708984,5277700
2025-02-12,56.734825134277344,57.970001220703125,58.77000045776367,57.400001525878906,58.70000076293945,6929700
2025-02-13,57.96797561645508,59.22999954223633,59.540000915527344,57.540000915527344,58.02000045776367,8209400
2025-02-14,57.5960693359375,58.849998474121094,59.599998474121094,57.650001525878906,59.34000015258789,7934600
2025-02-17,56.57823181152344,57.810001373291016,59.16999816894531,57.47999954223633,58.9900016784668,5918200
2025-02-18,56.470577239990234,57.70000076293945,58.220001220703125,57.34000015258789,58.02000045776367,7408000
2025-02-19,56.83269500732422,58.06999969482422,58.56999969482422,57.34000015258789,57.529998779296875,5830900
2025-02-20,56.44121551513672,57.66999816894531,58.130001068115234,57.470001220703125,58.06999969482422,4897100
2025-02-21,56.27484130859375,57.5,58.27000045776367,57.08000183105469,57.91999816894531,10051400
2025-02-24,55.81485366821289,57.029998779296875,57.849998474121094,56.88999938964844,57.54999923706055,3222800
2025-02-25,55.628902435302734,56.84000015258789,57.650001525878906,56.66999816894531,57.63999938964844,5713200
2025-02-26,55.824642181396484,57.040000915527344,57.349998474121094,56.7400016784668,57.20000076293945,4719000
2025-02-27,55.951866149902344,57.16999816894531,57.84000015258789,56.84000015258789,57.060001373291016,5154300
2025-02-28,55.11019515991211,56.310001373291016,57.279998779296875,56.04999923706055,56.959999084472656,7300300
2025-03-05,54.19021987915039,55.369998931884766,56.61000061035156,55.130001068115234,56.189998626708984,4952200
2025-03-06,53.98469924926758,55.15999984741211,55.849998474121094,54.689998626708984,55.63999938964844,5269600
2025-03-07,54.16086196899414,55.34000015258789,55.650001525878906,54.45000076293945,54.81999969482422,5896900
2025-03-10,54.40553283691406,55.59000015258789,55.689998626708984,54.68000030517578,55.0099983215332,4789500
2025-03-11,53.95533752441406,55.130001068115234,56.099998474121094,54.7400016784668,55.68000030517578,4690700
2025-03-12,53.583431243896484,54.75,55.349998474121094,54.47999954223633,55.150001525878906,4171200
2025-03-13,53.152809143066406,54.310001373291016,54.86000061035156,54.150001525878906,54.70000076293945,4006700
2025-03-14,52.98643112182617,54.13999938964844,54.68000030517578,53.970001220703125,54.54999923706055,6516300
2025-03-17,53.43662643432617,54.599998474121094,55.029998779296875,54.02000045776367,54.22999954223633,5510800
2025-03-18,53.837890625,55.0099983215332,55.0099983215332,54.20000076293945,54.599998474121094,5857400
2025-03-19,53.68130111694336,54.849998474121094,56.16999816894531,54.79999923706055,55.20000076293945,5521900
2025-03-20,54.65020751953125,55.84000015258789,56.27000045776367,54.7599983215332,54.91999816894531,8531700
2025-03-21,53.19195556640625,54.349998474121094,56.15999984741211,54.2599983215332,56.040000915527344,9136700
2025-03-24,52.97664260864258,54.130001068115234,54.75,54.0099983215332,54.459999084472656,3802700
2025-03-25,52.2719841003418,53.40999984741211,54.400001525878906,53.04999923706055,54.27000045776367,5594300
2025-03-26,52.379638671875,53.52000045776367,53.81999969482422,53.11000061035156,53.439998626708984,4800600
2025-03-27,52.75154495239258,53.900001525878906,54.08000183105469,53.0099983215332,53.79999923706055,7066000
2025-03-28,52.06645965576172,53.20000076293945,54.689998626708984,53.20000076293945,54.25,4908800
2025-03-31,51.81199645996094,52.939998626708984,53.45000076293945,52.939998626708984,53.2599983215332,4144800
2025-04-01,52.26219940185547,53.400001525878906,53.63999938964844,52.83000183105469,53.25,3579600
2025-04-02,52.30134201049805,53.439998626708984,53.66999816894531,53.02000045776367,53.400001525878906,2564200
2025-04-03,49.981842041015625,51.06999969482422,53.0,50.97999954223633,52.849998474121094,9521200
2025-04-04,49.815467834472656,50.900001525878906,51.310001373291016,50.029998779296875,50.5,7573200
2025-04-07,49.423988342285156,50.5,51.41999816894531,50.119998931884766,50.68000030517578,8045600
2025-04-08,49.629512786865234,50.709999084472656,52.11000061035156,50.400001525878906,50.56999969482422,10377100
2025-04-09,51.12691879272461,52.2400016784668,53.099998474121094,50.59000015258789,50.869998931884766,13225400
2025-04-10,51.12691879272461,52.2400016784668,52.5099983215332,51.150001525878906,52.470001220703125,4926000
2025-04-11,50.539695739746094,51.63999938964844,52.349998474121094,51.02000045776367,52.290000915527344,6029100
2025-04-14,51.29328918457031,52.40999984741211,52.7400016784668,51.599998474121094,51.95000076293945,4573200
2025-04-15,50.84309387207031,51.95000076293945,52.400001525878906,51.599998474121094,52.400001525878906,3495400
2025-04-16,50.75501251220703,51.86000061035156,52.47999954223633,51.72999954223633,51.90999984741211,3890300
2025-04-17,50.735435485839844,51.84000015258789,52.2400016784668,51.66999816894531,51.970001220703125,3815100
2025-04-22,50.725650787353516,51.83000183105469,52.220001220703125,51.75,51.790000915527344,4754200
2025-04-23,51.32265090942383,52.439998626708984,52.790000915527344,51.5,52.130001068115234,6264600
2025-04-24,51.13669967651367,52.25,52.689998626708984,51.4900016784668,52.459999084472656,4642600
2025-04-25,50.18737030029297,51.279998779296875,51.4900016784668,50.61000061035156,51.439998626708984,11836900
2025-04-28,49.76652908325195,50.849998474121094,51.470001220703125,50.2599983215332,51.470001220703125,7957200
2025-04-29,49.28697204589844,50.36000061035156,51.040000915527344,50.16999816894531,51.040000915527344,5033900
2025-04-30,49.012939453125,50.08000183105469,50.529998779296875,49.900001525878906,50.459999084472656,6310300
2025-05-02,49.57079315185547,50.650001525878906,50.790000915527344,49.310001373291016,50.040000915527344,4444300
2025-05-05,49.423988342285156,50.5,51.06999969482422,50.029998779296875,50.709999084472656,3093100
2025-05-06,49.36526870727539,50.439998626708984,50.83000183105469,50.119998931884766,50.2599983215332,3089200
2025-05-07,50.148223876953125,51.2400016784668,51.630001068115234,50.45000076293945,50.70000076293945,4587600
2025-05-08,50.373321533203125,51.470001220703125,51.90999984741211,51.0099983215332,51.40999984741211,5293300
2025-05-09,49.02272415161133,50.09000015258789,50.97999954223633,49.2599983215332,49.2599983215332,10694300
2025-05-12,51.13669967651367,52.25,52.7400016784668,51.310001373291016,51.5,8634700
2025-05-13,51.91965103149414,53.04999923706055,53.400001525878906,51.52000045776367,52.060001373291016,6548800
2025-05-14,51.88050842285156,53.0099983215332,54.150001525878906,52.7400016784668,53.25,5922900
2025-05-15,52.673248291015625,53.81999969482422,54.09000015258789,52.939998626708984,53.20000076293945,4339800
2025-05-16,52.52643966674805,53.66999816894531,54.0,53.02000045776367,53.88999938964844,5857100
2025-05-19,52.056671142578125,53.189998626708984,53.59000015258789,52.900001525878906,53.529998779296875,2988200
2025-05-20,51.89029312133789,53.02000045776367,53.220001220703125,52.720001220703125,53.189998626708984,2585200
2025-05-21,52.07624435424805,53.209999084472656,53.41999816894531,52.61000061035156,52.7400016784668,9223100
2025-05-22,52.056671142578125,53.189998626708984,53.849998474121094,52.75,53.130001068115234,5871800
2025-05-23,51.831573486328125,52.959999084472656,53.689998626708984,52.439998626708984,53.290000915527344,3253300
2025-05-26,51.635833740234375,52.7599983215332,53.099998474121094,52.060001373291016,53.099998474121094,2931100
2025-05-27,50.216732025146484,51.310001373291016,52.599998474121094,50.900001525878906,52.5099983215332,14854900
2025-05-28,49.9720573425293,51.060001373291016,52.040000915527344,51.060001373291016,51.20000076293945,4793300
2025-05-29,49.50228500366211,50.58000183105469,51.41999816894531,50.2599983215332,50.9900016784668,8144300
2025-05-30,48.59210205078125,49.650001525878906,50.68000030517578,49.349998474121094,50.61000061035156,10637600
2025-06-02,48.52359390258789,49.58000183105469,50.2599983215332,49.439998626708984,49.95000076293945,7892100
2025-06-03,49.32612228393555,50.400001525878906,51.040000915527344,49.5,49.5099983215332,7827500
2025-06-04,48.69975280761719,49.7599983215332,50.5,49.650001525878906,50.40999984741211,7379100
2025-06-05,51.772850036621094,52.900001525878906,53.150001525878906,50.709999084472656,52.720001220703125,21243900
2025-06-06,52.281768798828125,53.41999816894531,54.439998626708984,53.0,53.150001525878906,10829500
2025-06-09,52.42857360839844,53.56999969482422,53.880001068115234,53.18000030517578,53.38999938964844,3440700
2025-06-10,52.154541015625,53.290000915527344,53.810001373291016,53.18000030517578,53.66999816894531,4026600
2025-06-11,51.85114669799805,52.97999954223633,53.91999816894531,52.720001220703125,53.5,4268000
2025-06-12,51.82178497314453,52.95000076293945,53.20000076293945,52.130001068115234,52.5099983215332,4865700
2025-06-13,52.957069396972656,54.11000061035156,55.41999816894531,53.970001220703125,54.439998626708984,10362600
2025-06-16,53.094085693359375,54.25,54.630001068115234,53.810001373291016,54.34000015258789,6625900
2025-06-17,51.51839065551758,52.63999938964844,54.220001220703125,52.5,53.91999816894531,5758300
2025-06-18,51.68477249145508,52.810001373291016,53.20000076293945,52.5,52.70000076293945,3637000
2025-06-20,50.76479721069336,51.869998931884766,52.970001220703125,51.869998931884766,52.5099983215332,5138900
2025-06-23,50.64735412597656,51.75,52.08000183105469,51.400001525878906,51.70000076293945,4809100
2025-06-24,50.74522399902344,51.849998474121094,52.15999984741211,51.709999084472656,52.06999969482422,5673000
2025-06-25,50.39289474487305,51.4900016784668,52.150001525878906,51.40999984741211,51.630001068115234,3992800
2025-06-26,50.510337829589844,51.61000061035156,52.119998931884766,51.439998626708984,51.470001220703125,7744900
2025-06-27,50.06013870239258,51.150001525878906,51.52000045776367,50.81999969482422,51.369998931884766,4123800
2025-06-30,50.118858337402344,51.209999084472656,51.38999938964844,50.72999954223633,51.040000915527344,6046600
2025-07-01,49.756744384765625,50.84000015258789,51.65999984741211,50.5099983215332,51.63999938964844,3815800
2025-07-02,50.60820388793945,51.709999084472656,51.7400016784668,50.720001220703125,50.7400016784668,7066900
2025-07-03,50.950748443603516,52.060001373291016,52.310001373291016,51.400001525878906,51.709999084472656,3505400
2025-07-04,50.84309387207031,51.95000076293945,52.2599983215332,51.70000076293945,52.060001373291016,1260600
2025-07-07,49.92312240600586,51.0099983215332,51.90999984741211,51.0099983215332,51.90999984741211,2836800
2025-07-08,49.844825744628906,50.93000030517578,51.18000030517578,50.689998626708984,51.18000030517578,2400900
2025-07-09,48.93464279174805,50.0,50.880001068115234,49.810001373291016,50.77000045776367,3631300
2025-07-10,48.787837982177734,49.849998474121094,50.720001220703125,49.150001525878906,49.16999816894531,8351700
2025-07-11,48.83677673339844,49.900001525878906,50.099998474121094,49.54999923706055,49.849998474121094,3331300
2025-07-14,48.88570785522461,49.95000076293945,50.38999938964844,49.43000030517578,49.84000015258789,3608500
2025-07-15,49.423988342285156,50.5,50.720001220703125,49.75,50.099998474121094,4601200
2025-07-16,49.44356155395508,50.52000045776367,50.650001525878906,50.0099983215332,50.45000076293945,4952100
2025-07-17,49.423988342285156,50.5,50.970001220703125,50.13999938964844,50.599998474121094,3191600
2025-07-18,49.53164291381836,50.61000061035156,50.75,50.16999816894531,50.2400016784668,7229900
2025-07-21,49.913333892822266,51.0,51.45000076293945,50.560001373291016,50.72999954223633,3868300
2025-07-22,50.16779327392578,51.2599983215332,51.52000045776367,51.0,51.349998474121094,4187500
2025-07-23,50.64735412597656,51.75,52.099998474121094,50.97999954223633,50.97999954223633,2640500
2025-07-24,50.40268325805664,51.5,51.880001068115234,51.38999938964844,51.65999984741211,2364100
2025-07-25,51.44988250732422,52.56999969482422,52.7599983215332,51.369998931884766,51.369998931884766,4313800
2025-07-28,51.03883361816406,52.150001525878906,52.72999954223633,51.970001220703125,52.59000015258789,3433200
2025-07-29,50.74522399902344,51.849998474121094,52.22999954223633,51.70000076293945,52.15999984741211,2336400
2025-07-30,51.06819152832031,52.18000030517578,53.09000015258789,50.95000076293945,51.95000076293945,8802400
2025-07-31,51.03883361816406,52.150001525878906,52.81999969482422,51.59000015258789,52.38999938964844,5256000
2025-08-01,50.637569427490234,51.7400016784668,52.599998474121094,51.470001220703125,52.279998779296875,6867800
2025-08-04,49.688236236572266,50.77000045776367,52.18000030517578,50.279998779296875,52.18000030517578,5618100
2025-08-05,49.883975982666016,50.970001220703125,51.150001525878906,50.349998474121094,50.97999954223633,2033300
2025-08-06,50.52012252807617,51.619998931884766,51.70000076293945,50.77000045776367,51.2599983215332,3581100
2025-08-07,52.98643112182617,54.13999938964844,54.79999923706055,52.66999816894531,52.959999084472656,10788500
2025-08-08,53.417057037353516,54.58000183105469,55.279998779296875,53.540000915527344,54.18000030517578,5482500
2025-08-11,52.927711486816406,54.08000183105469,54.459999084472656,53.459999084472656,54.349998474121094,3457600
2025-08-12,52.93749237060547,54.09000015258789,54.54999923706055,53.599998474121094,54.04999923706055,3852700
2025-08-13,52.71239471435547,53.86000061035156,54.209999084472656,53.619998931884766,54.119998931884766,3160200
2025-08-14,52.761329650878906,53.90999984741211,54.06999969482422,53.470001220703125,53.709999084472656,1838100
2025-08-15,52.19369125366211,53.33000183105469,54.66999816894531,53.22999954223633,53.81999969482422,5954500
2025-08-18,51.47924041748047,52.599998474121094,53.470001220703125,52.439998626708984,53.06999969482422,6656100
2025-08-19,51.88050842285156,53.0099983215332,53.06999969482422,52.20000076293945,52.33000183105469,5430200
2025-08-20,51.37158966064453,52.4900016784668,53.220001220703125,52.38999938964844,52.90999984741211,2604900
2025-08-21,51.18563461303711,52.29999923706055,52.529998779296875,52.0099983215332,52.4900016784668,1905800
2025-08-22,52.614524841308594,53.7599983215332,53.88999938964844,53.02000045776367,53.4900016784668,5248500
2025-08-25,52.2719841003418,53.40999984741211,53.97999954223633,53.290000915527344,53.81999969482422,2604200
2025-08-26,51.48903274536133,52.61000061035156,53.54999923706055,52.61000061035156,53.209999084472656,3907200
2025-08-27,51.85114669799805,52.97999954223633,53.060001373291016,52.52000045776367,52.61000061035156,2707100
2025-08-28,51.704341888427734,52.83000183105469,53.29999923706055,52.70000076293945,53.29999923706055,3254300
2025-08-29,51.33243942260742,52.45000076293945,53.22999954223633,52.43000030517578,52.849998474121094,4318500
2025-09-01,51.4303092956543,52.54999923706055,52.72999954223633,51.849998474121094,52.59000015258789,1853600
2025-09-02,51.146484375,52.2599983215332,52.9900016784668,52.22999954223633,52.5,2160200
2025-09-03,50.8626708984375,51.970001220703125,53.66999816894531,51.709999084472656,52.45000076293945,4176100
2025-09-04,50.569053649902344,51.66999816894531,52.20000076293945,51.40999984741211,52.06999969482422,3848400
2025-09-05,50.882240295410156,51.9900016784668,52.18000030517578,50.869998931884766,51.939998626708984,4145500
2025-09-08,50.50054931640625,51.599998474121094,52.20000076293945,51.31999969482422,52.11000061035156,5668300
2025-09-09,50.8039436340332,51.90999984741211,52.400001525878906,51.40999984741211,51.83000183105469,4768100
2025-09-10,49.717594146728516,50.79999923706055,51.93000030517578,50.79999923706055,51.93000030517578,5697800
2025-09-11,50.45161819458008,51.54999923706055,51.54999923706055,50.84000015258789,51.119998931884766,4438400
2025-09-12,49.3554801940918,50.43000030517578,51.540000915527344,50.43000030517578,51.45000076293945,4190400
2025-09-15,49.423988342285156,50.5,50.689998626708984,50.209999084472656,50.68000030517578,3698800
2025-09-16,49.60015106201172,50.68000030517578,51.150001525878906,50.38999938964844,50.70000076293945,3768300
2025-09-17,49.815467834472656,50.900001525878906,51.220001220703125,50.33000183105469,50.75,4711400
2025-09-18,49.649085998535156,50.72999954223633,51.029998779296875,50.16999816894531,51.02000045776367,3944000
2025-09-19,49.423988342285156,50.5,51.15999984741211,50.470001220703125,50.90999984741211,6515100
2025-09-22,49.277183532714844,50.349998474121094,50.75,50.25,50.54999923706055,6973500
2025-09-23,49.06187438964844,50.130001068115234,51.06999969482422,50.130001068115234,50.560001373291016,3438200
2025-09-24,48.88570785522461,49.95000076293945,50.34000015258789,49.52000045776367,50.2599983215332,6218100
2025-09-25,49.16952896118164,50.2400016784668,50.68000030517578,49.689998626708984,50.02000045776367,7714900
2025-09-26,48.396358489990234,49.45000076293945,50.36000061035156,49.40999984741211,50.29999923706055,3803300
2025-09-29,48.1223258972168,49.16999816894531,49.7599983215332,48.70000076293945,49.7599983215332,4990200
2025-09-30,48.83677673339844,49.900001525878906,49.900001525878906,48.900001525878906,49.45000076293945,7034700
2025-10-01,48.82698440551758,49.88999938964844,50.400001525878906,49.66999816894531,49.75,2888900
2025-10-02,49.032508850097656,50.099998474121094,50.2599983215332,49.52000045776367,49.869998931884766,5306000
2025-10-03,49.619728088378906,50.70000076293945,51.13999938964844,49.86000061035156,50.11000061035156,5529000
2025-10-06,48.44529724121094,49.5,50.790000915527344,49.310001373291016,50.63999938964844,4504200
2025-10-07,47.84829330444336,48.88999938964844,50.0,48.869998931884766,49.43000030517578,7097600
2025-10-08,46.810882568359375,47.83000183105469,49.029998779296875,47.810001373291016,48.88999938964844,9745300
2025-10-09,46.673858642578125,47.689998626708984,48.310001373291016,47.52000045776367,47.97999954223633,3182900
2025-10-10,47.163204193115234,48.189998626708984,48.790000915527344,47.79999923706055,47.79999923706055,5447200
2025-10-13,47.18278121948242,48.209999084472656,48.54999923706055,48.06999969482422,48.34000015258789,3707800
2025-10-14,46.96746826171875,47.9900016784668,48.41999816894531,47.95000076293945,48.099998474121094,3933100
2025-10-15,46.615142822265625,47.630001068115234,48.15999984741211,47.22999954223633,47.9900016784668,8159100
2025-10-16,46.781517028808594,47.79999923706055,47.93000030517578,47.25,47.40999984741211,3663700
2025-10-17,46.615142822265625,47.630001068115234,48.060001373291016,47.5,48.04999923706055,4198600
2025-10-20,46.69343566894531,47.709999084472656,48.0,47.459999084472656,47.599998474121094,3992100
2025-10-21,46.46833801269531,47.47999954223633,47.849998474121094,47.27000045776367,47.77000045776367,3010100
2025-10-22,47.192569732666016,48.220001220703125,48.34000015258789,47.439998626708984,47.439998626708984,3648800
2025-10-23,47.63298034667969,48.66999816894531,48.7400016784668,48.209999084472656,48.34000015258789,2825900
2025-10-24,48.05381393432617,49.099998474121094,49.45000076293945,48.689998626708984,48.86000061035156,4135300
2025-10-27,48.06360626220703,49.11000061035156,49.43000030517578,48.68000030517578,49.20000076293945,3245700
2025-10-28,48.41593551635742,49.470001220703125,49.720001220703125,48.869998931884766,49.220001220703125,3496900
2025-10-29,48.05381393432617,49.099998474121094,49.529998779296875,48.810001373291016,49.529998779296875,4542100
2025-10-30,47.65255355834961,48.689998626708984,49.41999816894531,48.689998626708984,48.849998474121094,3990900
2025-10-31,47.84829330444336,48.88999938964844,49.09000015258789,48.209999084472656,48.880001068115234,4902400
2025-11-03,47.51553726196289,48.54999923706055,48.9900016784668,48.369998931884766,48.9900016784668,3806500
2025-11-04,48.35721206665039,49.40999984741211,49.68000030517578,48.470001220703125,48.54999923706055,4515200
2025-11-05,47.85808181762695,48.900001525878906,49.7599983215332,48.81999969482422,49.40999984741211,4568500
2025-11-06,47.613407135009766,48.650001525878906,49.20000076293945,48.2400016784668,48.91999816894531,5485600
2025-11-07,46.605350494384766,47.619998931884766,48.47999954223633,47.349998474121094,48.0099983215332,7965500
2025-11-10,45.7049560546875,46.70000076293945,47.95000076293945,46.47999954223633,47.90999984741211,10687100
2025-11-11,45.55815124511719,46.54999923706055,46.9900016784668,46.4900016784668,46.70000076293945,6817600
2025-11-12,47.0457649230957,48.06999969482422,48.220001220703125,46.470001220703125,46.560001373291016,10555800
2025-11-13,46.644500732421875,47.65999984741211,48.369998931884766,47.29999923706055,48.150001525878906,6230700
2025-11-14,46.350894927978516,47.36000061035156,47.91999816894531,47.150001525878906,47.689998626708984,5721700
2025-11-17,47.46660232543945,48.5,48.5,47.13999938964844,47.36000061035156,10502800
2025-11-18,47.4959602355957,48.529998779296875,48.56999969482422,48.099998474121094,48.369998931884766,4257100
2025-11-19,47.300228118896484,48.33000183105469,49.0099983215332,48.29999923706055,48.349998474121094,5621100
2025-11-21,47.2806510925293,48.310001373291016,48.70000076293945,48.099998474121094,48.33000183105469,7107700
2025-11-24,46.95768356323242,47.97999954223633,48.400001525878906,47.779998779296875,48.380001068115234,5621600
2025-11-25,46.781517028808594,47.79999923706055,48.150001525878906,47.439998626708984,48.150001525878906,3589100
2025-11-26,46.840240478515625,47.86000061035156,48.47999954223633,47.70000076293945,47.79999923706055,6595400
2025-11-27,47.172996520996094,48.20000076293945,48.20000076293945,47.77000045776367,47.77000045776367,2157700
2025-11-28,46.56620788574219,47.58000183105469,48.189998626708984,47.540000915527344,48.189998626708984,4286300
2025-12-01,46.46833801269531,47.47999954223633,47.709999084472656,47.31999969482422,47.59000015258789,3695500
2025-12-02,47.172996520996094,48.20000076293945,48.400001525878906,47.540000915527344,47.56999969482422,4973900
2025-12-03,47.907012939453125,48.95000076293945,49.040000915527344,48.27000045776367,48.38999938964844,5420400
2025-12-04,48.48444366455078,49.540000915527344,49.59000015258789,48.91999816894531,49.099998474121094,6693600
2025-12-05,49.423988342285156,50.5,51.5099983215332,49.5099983215332,49.790000915527344,13131800
2025-12-08,49.31633377075195,50.38999938964844,50.849998474121094,49.90999984741211,50.5,5010700
2025-12-09,49.37505340576172,50.45000076293945,51.720001220703125,50.119998931884766,50.400001525878906,8909400
2025-12-10,50.569053649902344,51.66999816894531,51.66999816894531,50.02000045776367,50.54999923706055,6366100
2025-12-11,48.41593551635742,49.470001220703125,51.70000076293945,48.90999984741211,51.279998779296875,21574100
2025-12-12,48.014671325683594,49.060001373291016,51.70000076293945,48.68000030517578,51.279998779296875,5822700
2025-12-15,47.6721305847168,48.709999084472656,49.2400016784668,48.099998474121094,49.2400016784668,5696600
2025-12-16,47.87765121459961,48.91999816894531,49.369998931884766,48.5,48.709999084472656,5795200
2025-12-17,48.7291145324707,49.790000915527344,49.84000015258789,48.84000015258789,48.84000015258789,9610900
2025-12-18,51.52817916870117,52.650001525878906,53.0099983215332,49.869998931884766,50.13999938964844,15098200
2025-12-19,51.314788818359375,51.31999969482422,52.5099983215332,51.290000915527344,51.290000915527344,13244300
2025-12-22,51.194801330566406,51.20000076293945,52.060001373291016,50.9900016784668,51.20000076293945,9456900
2025-12-23,51.49477005004883,51.5,51.75,49.939998626708984,51.0,12965900
2025-12-26,51.67475128173828,51.68000030517578,51.849998474121094,51.2400016784668,51.529998779296875,2858800
2025-12-29,51.544761657714844,51.54999923706055,51.849998474121094,51.36000061035156,51.61000061035156,3315700
2025-12-30,51.44477462768555,51.45000076293945,51.66999816894531,51.2400016784668,51.439998626708984,4309500
2026-01-02,51.86473083496094,51.869998931884766,52.11000061035156,51.290000915527344,51.40999984741211,5570600
2026-01-05,50.42487716674805,50.43000030517578,52.2400016784668,50.43000030517578,51.939998626708984,4947400
2026-01-06,50.22489929199219,50.22999954223633,51.0,49.939998626708984,50.560001373291016,5153600
2026-01-07,49.9349250793457,49.939998626708984,50.630001068115234,49.880001068115234,50.15999984741211,8357300
2026-01-08,49.564964294433594,49.56999969482422,49.880001068115234,49.029998779296875,49.84000015258789,5838000
2026-01-09,50.98482131958008,50.9900016784668,51.20000076293945,49.54999923706055,49.81999969482422,5611100
2026-01-12,52.10470962524414,52.11000061035156,52.220001220703125,50.810001373291016,50.95000076293945,3415500
2026-01-13,51.50476837158203,51.5099983215332,52.130001068115234,51.130001068115234,51.66999816894531,3687900
2026-01-14,52.16469955444336,52.16999816894531,52.16999816894531,51.439998626708984,51.58000183105469,3105400
2026-01-15,52.34468078613281,52.349998474121094,52.650001525878906,51.7400016784668,52.18000030517578,2979700
2026-01-16,51.594757080078125,51.599998474121094,52.439998626708984,51.02000045776367,52.310001373291016,9115800
2026-01-19,51.844730377197266,51.849998474121094,51.93000030517578,50.95000076293945,51.08000183105469,6916100
2026-01-20,51.344783782958984,51.349998474121094,52.2599983215332,50.75,52.2599983215332,2497900
2026-01-21,52.194698333740234,52.20000076293945,52.29999923706055,51.279998779296875,51.540000915527344,4956800
2026-01-22,52.184696197509766,52.189998626708984,53.540000915527344,51.95000076293945,52.33000183105469,7235500
2026-01-23,52.244693756103516,52.25,52.689998626708984,51.150001525878906,52.20000076293945,9275500
2026-01-26,51.66474914550781,51.66999816894531,52.45000076293945,51.599998474121094,52.130001068115234,5078400
2026-01-27,51.2747917175293,51.279998779296875,52.45000076293945,50.90999984741211,52.040000915527344,6546700
2026-01-28,51.75474166870117,51.7599983215332,52.09000015258789,50.970001220703125,51.45000076293945,5163100
2026-01-29,49.35498809814453,49.36000061035156,51.79999923706055,49.2400016784668,51.79999923706055,9287200
2026-01-30,49.32499313354492,49.33000183105469,50.72999954223633,48.91999816894531,49.38999938964844,12105400
2026-02-02,48.71505355834961,48.720001220703125,49.619998931884766,48.54999923706055,49.41999816894531,5900300
2026-02-03,49.08501434326172,49.09000015258789,49.61000061035156,48.77000045776367,48.97999954223633,7575300
2026-02-04,49.5949592590332,49.599998474121094,49.72999954223633,48.349998474121094,49.06999969482422,8209700
2026-02-05,50.42487716674805,50.43000030517578,50.900001525878906,49.63999938964844,49.97999954223633,8133900
2026-02-06,50.19490051269531,50.20000076293945,51.02000045776367,50.0099983215332,50.52000045776367,6225900
2026-02-09,51.33478546142578,51.34000015258789,51.34000015258789,50.13999938964844,50.150001525878906,5552500
2026-02-10,51.11480712890625,51.119998931884766,52.08000183105469,51.04999923706055,51.400001525878906,3513400
2026-02-11,57.92411804199219,57.93000030517578,57.939998626708984,52.900001525878906,53.0,27708000
2026-02-12,58.244083404541016,58.25,58.68000030517578,56.83000183105469,58.099998474121094,11352900
2026-02-13,58.334075927734375,58.34000015258789,58.810001373291016,57.31999969482422,58.20000076293945,12831100
2026-02-18,57.194190979003906,57.20000076293945,58.439998626708984,56.77000045776367,58.439998626708984,5734300
2026-02-19,57.12419891357422,57.130001068115234,57.83000183105469,56.88999938964844,57.13999938964844,3902400
2026-02-20,56.854225158691406,56.86000061035156,57.130001068115234,56.040000915527344,57.130001068115234,5820100
2026-02-23,56.99420928955078,57.0,57.0,56.220001220703125,56.86000061035156,4529000
2026-02-24,58.57405090332031,58.58000183105469,58.849998474121094,57.0,57.279998779296875,8659900
2026-02-25,58.894020080566406,58.900001525878906,59.31999969482422,58.06999969482422,58.720001220703125,11432400
2026-02-26,58.9740104675293,58.97999954223633,59.650001525878906,58.369998931884766,58.90999984741211,6986000
2026-02-27,57.994110107421875,58.0,59.119998931884766,57.90999984741211,58.779998779296875,5319700
2026-03-02,58.05410385131836,58.060001373291016,58.68000030517578,57.40999984741211,58.29999923706055,5090800
2026-03-03,57.264183044433594,57.27000045776367,58.41999816894531,56.459999084472656,57.52000045776367,9151000
2026-03-04,56.4942626953125,56.5,57.400001525878906,55.59000015258789,57.209999084472656,5629100
2026-03-05,55.79433059692383,55.79999923706055,57.13999938964844,55.540000915527344,56.63999938964844,4996300
2026-03-06,54.91442108154297,54.91999816894531,56.08000183105469,54.5099983215332,55.7400016784668,5010600
2026-03-09,54.79443359375,54.79999923706055,55.25,53.900001525878906,54.540000915527344,5612500
2026-03-10,55.59435272216797,55.599998474121094,56.029998779296875,54.720001220703125,55.0,4071000
2026-03-11,54.89442443847656,54.900001525878906,55.16999816894531,54.54999923706055,55.16999816894531,2350800
2026-03-12,53.464569091796875,53.470001220703125,54.560001373291016,53.11000061035156,54.0099983215332,4895800
2026-03-13,53.39457702636719,53.400001525878906,53.77000045776367,53.09000015258789,53.41999816894531,3469600
2026-03-16,53.14460372924805,53.150001525878906,53.9900016784668,52.91999816894531,53.31999969482422,3456200
2026-03-17,53.10460662841797,53.11000061035156,54.099998474121094,52.86000061035156,53.20000076293945,6523600
2026-03-18,52.554664611816406,52.560001373291016,53.65999984741211,52.349998474121094,52.869998931884766,8819400
2026-03-19,51.11480712890625,51.119998931884766,52.5,50.970001220703125,52.11000061035156,8891500
2026-03-20,50.174903869628906,50.18000030517578,51.119998931884766,49.56999969482422,51.02000045776367,12549400
2026-03-23,51.6147575378418,51.619998931884766,51.790000915527344,50.099998474121094,50.5099983215332,5039000
2026-03-24,51.16480255126953,51.16999816894531,51.619998931884766,50.31999969482422,51.619998931884766,3422300
2026-03-25,51.394779205322266,51.400001525878906,52.06999969482422,51.06999969482422,51.970001220703125,5053700
2026-03-26,50.794837951660156,50.79999923706055,51.54999923706055,50.529998779296875,51.400001525878906,2985400
2026-03-27,50.43487548828125,50.439998626708984,51.18000030517578,50.31999969482422,50.52000045776367,5543500
2026-03-30,50.554866790771484,50.560001373291016,50.91999816894531,50.11000061035156,50.75,2994100
2026-03-31,51.89472961425781,51.900001525878906,52.08000183105469,50.63999938964844,50.81999969482422,6309900
2026-04-01,52.08470916748047,52.09000015258789,52.33000183105469,51.72999954223633,52.0,4289500
2026-04-02,50.84483337402344,50.849998474121094,51.70000076293945,50.5,51.380001068115234,4370400
2026-04-06,49.5949592590332,49.599998474121094,50.9900016784668,49.369998931884766,50.90999984741211,5941000
2026-04-07,46.42528533935547,46.43000030517578,49.38999938964844,46.36000061035156,49.38999938964844,46567200
2026-04-08,47.3351936340332,47.34000015258789,47.58000183105469,46.45000076293945,47.02000045776367,11557300
2026-04-09,47.59516525268555,47.599998474121094,48.099998474121094,47.099998474121094,47.20000076293945,7089200
2026-04-10,47.155208587646484,47.15999984741211,48.279998779296875,46.97999954223633,47.88999938964844,5970000
2026-04-13,47.795143127441406,47.79999923706055,47.79999923706055,46.91999816894531,47.20000076293945,6951400
2026-04-14,48.505069732666016,48.5099983215332,48.650001525878906,47.5099983215332,47.869998931884766,11894900
2026-04-15,47.82514572143555,47.83000183105469,48.7400016784668,47.5,48.7400016784668,11085200
2026-04-16,47.52517318725586,47.529998779296875,48.150001525878906,47.459999084472656,47.970001220703125,8122800
2026-04-17,47.925132751464844,47.93000030517578,48.65999984741211,47.13999938964844,48.060001373291016,8265700
2026-04-20,47.795143127441406,47.79999923706055,48.099998474121094,47.5,47.93000030517578,4213700
2026-04-22,47.34518814086914,47.349998474121094,48.58000183105469,47.33000183105469,48.029998779296875,4628200
2026-04-23,46.68525695800781,46.689998626708984,47.470001220703125,46.5099983215332,47.45000076293945,7248700
2026-04-24,45.6353645324707,45.63999938964844,46.810001373291016,45.349998474121094,46.7599983215332,7909400
2026-04-27,45.2953987121582,45.29999923706055,45.83000183105469,45.2599983215332,45.70000076293945,3909400
2026-04-28,45.44538497924805,45.45000076293945,45.4900016784668,44.68000030517578,45.29999923706055,6072700
2026-04-29,44.81544876098633,44.81999969482422,45.61000061035156,44.630001068115234,45.5,8755800
2026-04-30,43.84000015258789,43.84000015258789,44.5,43.060001373291016,43.630001068115234,13209000
2026-05-04,42.58000183105469,42.58000183105469,44.09000015258789,42.45000076293945,44.02000045776367,7528500
2026-05-05,42.400001525878906,42.400001525878906,43.0099983215332,42.310001373291016,42.41999816894531,7255100
2026-05-06,43.0099983215332,43.0099983215332,43.220001220703125,42.310001373291016,42.72999954223633,4354400
2026-05-07,43.29999923706055,43.29999923706055,43.56999969482422,42.810001373291016,42.970001220703125,5074000
2026-05-08,43.70000076293945,43.70000076293945,43.86000061035156,43.2400016784668,43.65999984741211,3491500
2026-05-11,43.130001068115234,43.130001068115234,44.220001220703125,42.91999816894531,43.720001220703125,5046800
2026-05-12,42.68000030517578,42.68000030517578,43.470001220703125,42.68000030517578,43.0,4526600
2026-05-13,43.0,43.0,43.349998474121094,42.150001525878906,42.709999084472656,7129900
2026-05-14,42.619998931884766,42.619998931884766,43.459999084472656,42.599998474121094,43.29999923706055,5157300
2026-05-15,41.70000076293945,41.70000076293945,43.0,41.70000076293945,42.27000045776367,15739400
2026-05-18,41.970001220703125,41.970001220703125,42.31999969482422,41.119998931884766,41.7599983215332,5678900
2026-05-19,41.04999923706055,41.04999923706055,42.0099983215332,40.970001220703125,41.72999954223633,5073700
2026-05-20,42.20000076293945,42.20000076293945,42.619998931884766,41.20000076293945,41.400001525878906,5755500
2026-05-21,42.2599983215332,42.2599983215332,42.58000183105469,41.70000076293945,42.220001220703125,3962400
2026-05-22,41.70000076293945,41.70000076293945,42.08000183105469,41.45000076293945,41.83000183105469,3386900
2026-05-25,41.40999984741211,41.40999984741211,42.099998474121094,41.380001068115234,42.099998474121094,2687700
2026-05-26,41.68000030517578,41.68000030517578,41.93000030517578,40.970001220703125,41.45000076293945,14152400
2026-05-27,42.09000015258789,42.09000015258789,42.86000061035156,41.939998626708984,42.18000030517578,7296600
2026-05-28,41.689998626708984,41.689998626708984,42.4900016784668,41.619998931884766,42.31999969482422,4893500
2026-05-29,41.90999984741211,41.90999984741211,41.90999984741211,41.029998779296875,41.650001525878906,13175600
2026-06-01,40.650001525878906,40.650001525878906,41.93000030517578,40.63999938964844,41.77000045776367,8283900
2026-06-02,40.43000030517578,40.43000030517578,40.900001525878906,40.16999816894531,40.810001373291016,5562100
2026-06-03,41.220001220703125,41.220001220703125,41.25,40.18000030517578,40.18000030517578,6506600
2026-06-05,41.7400016784668,41.7400016784668,42.220001220703125,41.0099983215332,41.0099983215332,7282100
2026-06-08,41.970001220703125,41.970001220703125,42.15999984741211,41.40999984741211,41.709999084472656,4563900
2026-06-09,42.04999923706055,42.04999923706055,42.380001068115234,41.88999938964844,42.099998474121094,4639400
2026-06-10,41.45000076293945,41.45000076293945,42.20000076293945,41.290000915527344,42.20000076293945,4552700
2026-06-11,41.290000915527344,41.290000915527344,41.58000183105469,40.70000076293945,41.439998626708984,5413600
2026-06-12,41.52000045776367,41.52000045776367,41.869998931884766,41.0,41.0,3071200
2026-06-15,42.59000015258789,42.59000015258789,43.150001525878906,41.7400016784668,42.06999969482422,6046700
2026-06-16,42.93000030517578,42.93000030517578,43.040000915527344,42.36000061035156,42.4900016784668,5531400
2026-06-17,42.22999954223633,42.22999954223633,43.4900016784668,42.099998474121094,42.79999923706055,6059500
2026-06-18,43.58000183105469,43.58000183105469,43.959999084472656,42.20000076293945,42.310001373291016,7443500
2026-06-19,43.22999954223633,43.22999954223633,44.369998931884766,42.9900016784668,43.810001373291016,7692900
2026-06-22,42.040000915527344,42.040000915527344,43.349998474121094,42.040000915527344,43.040000915527344,4954300
2026-06-23,41.95000076293945,41.95000076293945,41.95000076293945,41.310001373291016,41.849998474121094,6635300
2026-06-24,42.20000076293945,42.20000076293945,42.20000076293945,41.31999969482422,41.90999984741211,8547200
2026-06-25,42.0,42.0,42.66999816894531,41.88999938964844,42.41999816894531,4812000
2026-06-26,40.11000061035156,40.11000061035156,41.849998474121094,39.75,41.709999084472656,11617600
